A-Bertram-Chandler: 
  enciclopedia: "http://www.sf-encyclopedia.com/entry/chandler_a_bertram"
  isfd: "http://www.isfdb.org/cgi-bin/ea.cgi?72"
  wikipedia: "https://en.wikipedia.org/wiki/A._Bertram_Chandler"
A-E-Van-Vogt: 
  enciclopedia: "http://www.sf-encyclopedia.com/entry/van_vogt_a_e"
  isfd: "http://www.isfdb.org/cgi-bin/ea.cgi?58"
  wikipedia: "https://en.wikipedia.org/wiki/A._E._van_Vogt"
A-Higon: 
  enciclopedia: "http://www.sf-encyclopedia.com/entry/jeury_michel"
  isfd: "http://www.isfdb.org/cgi-bin/ea.cgi?568"
  wikipedia: "https://en.wikipedia.org/wiki/Michel_Jeury"
A-M-Low: 
  enciclopedia: "http://www.sf-encyclopedia.com/entry/low_a_m"
  isfd: "http://www.isfdb.org/cgi-bin/ea.cgi?24916"
  wikipedia: "https://en.wikipedia.org/wiki/Archibald_Low"
Adrien-Sobra: 
  enciclopedia: ""
  isfd: "http://www.isfdb.org/cgi-bin/ea.cgi?189593"
  wikipedia: "https://fr.wikipedia.org/wiki/Adrien_Sobra"
Albert-Cremieux: 
  enciclopedia: ""
  isfd: "http://www.isfdb.org/cgi-bin/ea.cgi?127429"
  wikipedia: "https://fr.wikipedia.org/wiki/Albert_Cr%C3%A9mieux_(journaliste)"
Alexei-Panshin: 
  enciclopedia: "http://www.sf-encyclopedia.com/entry/panshin_alexei"
  isfd: "http://www.isfdb.org/cgi-bin/ea.cgi?44"
  wikipedia: "https://en.wikipedia.org/wiki/Alexei_Panshin"
Alfred-Bester: 
  enciclopedia: "http://www.sf-encyclopedia.com/entry/bester_alfred"
  isfd: "http://www.isfdb.org/cgi-bin/ea.cgi?6"
  wikipedia: "https://en.wikipedia.org/wiki/Alfred_Bester"
Algis-Budrys: 
  enciclopedia: "http://www.sf-encyclopedia.com/entry/budrys_algis"
  isfd: "http://www.isfdb.org/cgi-bin/ea.cgi?12"
  wikipedia: "https://en.wikipedia.org/wiki/Algis_Budrys"
Anne-McCaffrey: 
  enciclopedia: "http://www.sf-encyclopedia.com/entry/mccaffrey_anne"
  isfd: "http://www.isfdb.org/cgi-bin/ea.cgi?176"
  wikipedia: "https://en.wikipedia.org/wiki/Anne_McCaffrey"
Arkadi-Strugatski: 
  enciclopedia: "http://www.sf-encyclopedia.com/entry/strugatski_arkady"
  isfd: "http://www.isfdb.org/cgi-bin/ea.cgi?1539"
  wikipedia: "https://en.wikipedia.org/wiki/Arkady_and_Boris_Strugatsky"
Arthur-C-Clarke: 
  enciclopedia: "http://www.sf-encyclopedia.com/entry/clarke_arthur_c"
  isfd: "http://www.isfdb.org/cgi-bin/ea.cgi?17"
  wikipedia: "https://en.wikipedia.org/wiki/Arthur_C._Clarke"
Arthur-Conan-Doyle: 
  enciclopedia: "http://www.sf-encyclopedia.com/entry/doyle_arthur_conan"
  isfd: "http://www.isfdb.org/cgi-bin/ea.cgi?1131"
  wikipedia: "https://en.wikipedia.org/wiki/Arthur_Conan_Doyle"
Ben-Bova: 
  enciclopedia: "http://www.sf-encyclopedia.com/entry/bova_ben"
  isfd: "http://www.isfdb.org/cgi-bin/ea.cgi?184"
  wikipedia: "https://en.wikipedia.org/wiki/Ben_Bova"
Bob-Shaw: 
  enciclopedia: "http://www.sf-encyclopedia.com/entry/shaw_bob"
  isfd: "http://www.isfdb.org/cgi-bin/ea.cgi?354"
  wikipedia: "https://en.wikipedia.org/wiki/Bob_Shaw"
Boris-Strugatski: 
  enciclopedia: "http://www.sf-encyclopedia.com/entry/strugatski_arkady"
  isfd: "http://www.isfdb.org/cgi-bin/ea.cgi?1616"
  wikipedia: "http://www.isfdb.org/cgi-bin/ea.cgi?1616"
Brian-Aldiss: 
  enciclopedia: "http://www.sf-encyclopedia.com/entry/aldiss_brian_w"
  isfd: "http://www.isfdb.org/cgi-bin/ea.cgi?131"
  wikipedia: "https://en.wikipedia.org/wiki/Brian_Aldiss"
Bruce-Sterling-(org): 
  enciclopedia: "http://www.sf-encyclopedia.com/entry/sterling_bruce"
  isfd: "http://www.isfdb.org/cgi-bin/ea.cgi?280"
  wikipedia: "https://en.wikipedia.org/wiki/Bruce_Sterling"
Bryan-Bery: 
  enciclopedia: "http://www.sf-encyclopedia.com/entry/berry_bryan"
  isfd: "http://www.isfdb.org/cgi-bin/ea.cgi?1079"
  wikipedia: "https://de.wikipedia.org/wiki/Bryan_Berry"
Bulwer-Lytton: 
  enciclopedia: "http://www.sf-encyclopedia.com/entry/lytton_edward_bulwer"
  isfd: "http://www.isfdb.org/cgi-bin/ea.cgi?2019"
  wikipedia: "https://en.wikipedia.org/wiki/Edward_Bulwer-Lytton"
C-H-Badet: 
  enciclopedia: ""
  isfd: "http://www.isfdb.org/cgi-bin/ea.cgi?127434"
  wikipedia: ""
C-J-Cherryh: 
  enciclopedia: "http://www.sf-encyclopedia.com/entry/cherryh_c_j"
  isfd: "http://www.isfdb.org/cgi-bin/ea.cgi?16"
  wikipedia: "https://en.wikipedia.org/wiki/C._J._Cherryh"
C-M-Kornbluth: 
  enciclopedia: "http://www.sf-encyclopedia.com/entry/kornbluth_c_m"
  isfd: "http://www.isfdb.org/cgi-bin/ea.cgi?285"
  wikipedia: "https://en.wikipedia.org/wiki/Cyril_M._Kornbluth"
Charles-Eric-Maine: 
  enciclopedia: "http://www.sf-encyclopedia.com/entry/maine_charles_eric"
  isfd: "http://www.isfdb.org/cgi-bin/ea.cgi?733"
  wikipedia: "https://en.wikipedia.org/wiki/Charles_Eric_Maine"
Chris-Claremont: 
  enciclopedia: "http://www.sf-encyclopedia.com/entry/claremont_chris"
  isfd: "http://www.isfdb.org/cgi-bin/ea.cgi?478"
  wikipedia: "https://en.wikipedia.org/wiki/Chris_Claremont"
Christian-Russel: 
  enciclopedia: ""
  isfd: "http://www.isfdb.org/cgi-bin/ea.cgi?203759"
  wikipedia: ""
Cleve-Cartmill: 
  enciclopedia: "http://www.sf-encyclopedia.com/entry/cartmill_cleve"
  isfd: "http://www.isfdb.org/cgi-bin/ea.cgi?457"
  wikipedia: "https://en.wikipedia.org/wiki/Cleve_Cartmill"
Clifford-D-Simak: 
  enciclopedia: "http://www.sf-encyclopedia.com/entry/simak_clifford_d"
  isfd: "http://www.isfdb.org/cgi-bin/ea.cgi?55"
  wikipedia: "https://en.wikipedia.org/wiki/Clifford_D._Simak"
Curt-Siodmak: 
  enciclopedia: "http://www.sf-encyclopedia.com/entry/siodmak_curt"
  isfd: "http://www.isfdb.org/cgi-bin/ea.cgi?1374"
  wikipedia: "https://en.wikipedia.org/wiki/Curt_Siodmak"
Daniel-Drode: 
  enciclopedia: ""
  isfd: "http://www.isfdb.org/cgi-bin/ea.cgi?11098"
  wikipedia: "https://fr.wikipedia.org/wiki/Daniel_Drode"
David-J-Skal: 
  enciclopedia: "http://www.sf-encyclopedia.com/entry/skal_david_j"
  isfd: "http://www.isfdb.org/cgi-bin/ea.cgi?2383"
  wikipedia: "https://en.wikipedia.org/wiki/David_J._Skal"
E-C-Tubb: 
  enciclopedia: "http://www.sf-encyclopedia.com/entry/tubb_e_c"
  isfd: "http://www.isfdb.org/cgi-bin/ea.cgi?113"
  wikipedia: "https://en.wikipedia.org/wiki/Edwin_Charles_Tubb"
E-E-Doc-Smith: 
  enciclopedia: "http://www.sf-encyclopedia.com/entry/smith_e_e"
  isfd: "http://www.isfdb.org/cgi-bin/ea.cgi?67"
  wikipedia: "https://en.wikipedia.org/wiki/E._E._Smith"
Edmond-Hamilton: 
  enciclopedia: "http://www.sf-encyclopedia.com/entry/hamilton_edmond"
  isfd: "http://www.isfdb.org/cgi-bin/ea.cgi?249"
  wikipedia: "https://en.wikipedia.org/wiki/Edmond_Hamilton"
Edmund-Cooper: 
  enciclopedia: "http://www.sf-encyclopedia.com/entry/cooper_edmund"
  isfd: "http://www.isfdb.org/cgi-bin/ea.cgi?802"
  wikipedia: "https://en.wikipedia.org/wiki/Edmund_Cooper"
Eric-Frank-Russell: 
  enciclopedia: "http://www.sf-encyclopedia.com/entry/russell_eric_frank"
  isfd: "http://www.isfdb.org/cgi-bin/ea.cgi?51"
  wikipedia: "https://en.wikipedia.org/wiki/Eric_Frank_Russell"
F-G-Rayer: 
  enciclopedia: "http://www.sf-encyclopedia.com/entry/rayer_francis_g"
  isfd: "http://www.isfdb.org/cgi-bin/ea.cgi?1263"
  wikipedia: "https://en.wikipedia.org/wiki/Francis_G._Rayer"
Festus-Pragnell: 
  enciclopedia: "http://www.sf-encyclopedia.com/entry/pragnell_festus"
  isfd: "http://www.isfdb.org/cgi-bin/ea.cgi?2008"
  wikipedia: "https://de.wikipedia.org/wiki/Festus_Pragnell"
Francis-Carsac: 
  enciclopedia: ""
  isfd: "http://www.isfdb.org/cgi-bin/ea.cgi?16993"
  wikipedia: "https://en.wikipedia.org/wiki/Fran%C3%A7ois_Bordes"
Frank-Herbert: 
  enciclopedia: "http://www.sf-encyclopedia.com/entry/herbert_frank"
  isfd: "http://www.isfdb.org/cgi-bin/ea.cgi?30"
  wikipedia: "https://en.wikipedia.org/wiki/Frank_Herbert"
Frank-M-Robinson: 
  enciclopedia: "http://www.sf-encyclopedia.com/entry/robinson_frank_m"
  isfd: "http://www.isfdb.org/cgi-bin/ea.cgi?1266"
  wikipedia: "https://en.wikipedia.org/wiki/Frank_M._Robinson"
Fred-Hoyle: 
  enciclopedia: "http://www.sf-encyclopedia.com/entry/hoyle_fred"
  isfd: "http://www.isfdb.org/cgi-bin/ea.cgi?1311"
  wikipedia: "https://en.wikipedia.org/wiki/Fred_Hoyle"
Fred-Saberhagen: 
  enciclopedia: "http://www.sf-encyclopedia.com/entry/saberhagen_fred"
  isfd: "http://www.isfdb.org/cgi-bin/ea.cgi?602"
  wikipedia: "https://en.wikipedia.org/wiki/Fred_Saberhagen"
Frederik-Pohl: 
  enciclopedia: "http://www.sf-encyclopedia.com/entry/pohl_frederik"
  isfd: "http://www.isfdb.org/cgi-bin/ea.cgi?820"
  wikipedia: "https://en.wikipedia.org/wiki/Frederik_Pohl"
Fredric-Brown: 
  enciclopedia: "http://www.sf-encyclopedia.com/entry/brown_fredric"
  isfd: "http://www.isfdb.org/cgi-bin/ea.cgi?10"
  wikipedia: "https://en.wikipedia.org/wiki/Fredric_Brown"
Fritz-Leiber: 
  enciclopedia: "http://www.sf-encyclopedia.com/entry/leiber_fritz"
  isfd: "http://www.isfdb.org/cgi-bin/ea.cgi?38"
  wikipedia: "https://en.wikipedia.org/wiki/Fritz_Leiber"
Geoffrey-Hoyle: 
  enciclopedia: "http://www.sf-encyclopedia.com/entry/hoyle_geoffrey"
  isfd: "http://www.isfdb.org/cgi-bin/ea.cgi?3870"
  wikipedia: "https://en.wikipedia.org/wiki/Geoffrey_Hoyle"
George-Zebrowski: 
  enciclopedia: "http://www.sf-encyclopedia.com/entry/zebrowski_george"
  isfd: "http://www.isfdb.org/cgi-bin/ea.cgi?357"
  wikipedia: "https://en.wikipedia.org/wiki/George_Zebrowski"
Gerard-Klein: 
  enciclopedia: "http://www.sf-encyclopedia.com/entry/klein_gerard"
  isfd: "http://www.isfdb.org/cgi-bin/ea.cgi?565"
  wikipedia: "https://en.wikipedia.org/wiki/G%C3%A9rard_Klein"
Gordon-R-Dickson: 
  enciclopedia: "http://www.sf-encyclopedia.com/entry/dickson_gordon_r"
  isfd: "http://www.isfdb.org/cgi-bin/ea.cgi?24"
  wikipedia: "https://en.wikipedia.org/wiki/Gordon_R._Dickson"
Gregory-Benford: 
  enciclopedia: "http://www.sf-encyclopedia.com/entry/benford_gregory"
  isfd: "http://www.isfdb.org/cgi-bin/ea.cgi?109"
  wikipedia: "https://en.wikipedia.org/wiki/Gregory_Benford"
Guy-Snyder: 
  enciclopedia: "http://www.sf-encyclopedia.com/entry/snyder_guy"
  isfd: "http://www.isfdb.org/cgi-bin/ea.cgi?37844"
  wikipedia: "https://en.wikipedia.org/wiki/Guy_Snyder"
Hal-Clement: 
  enciclopedia: "http://www.sf-encyclopedia.com/entry/clement_hal"
  isfd: "http://www.isfdb.org/cgi-bin/ea.cgi?233"
  wikipedia: "https://en.wikipedia.org/wiki/Hal_Clement"
Harry-Harrison: 
  enciclopedia: "http://www.sf-encyclopedia.com/entry/harrison_harry"
  isfd: "http://www.isfdb.org/cgi-bin/ea.cgi?28"
  wikipedia: "https://en.wikipedia.org/wiki/Harry_Harrison_(writer)"
Harry-Turtledove: 
  enciclopedia: "http://www.sf-encyclopedia.com/entry/turtledove_harry"
  isfd: "http://www.isfdb.org/cgi-bin/ea.cgi?148"
  wikipedia: "https://en.wikipedia.org/wiki/Harry_Turtledove"
Hunt-Collins: 
  enciclopedia: "http://www.sf-encyclopedia.com/entry/hunter_evan"
  isfd: "http://www.isfdb.org/cgi-bin/ea.cgi?1716"
  wikipedia: "https://en.wikipedia.org/wiki/Ed_McBain"
Isaac-Asimov: 
  enciclopedia: "http://www.sf-encyclopedia.com/entry/asimov_isaac"
  isfd: "http://www.isfdb.org/cgi-bin/ea.cgi?5"
  wikipedia: "https://en.wikipedia.org/wiki/Isaac_Asimov"
Isidore-Haiblum: 
  enciclopedia: "http://www.sf-encyclopedia.com/entry/haiblum_isidore"
  isfd: "http://www.isfdb.org/cgi-bin/ea.cgi?3088"
  wikipedia: "https://en.wikipedia.org/wiki/Isidore_Haiblum"
J-Elliot: 
  enciclopedia: "http://www.sf-encyclopedia.com/entry/elliot_john"
  isfd: "http://www.isfdb.org/cgi-bin/ea.cgi?2305"
  wikipedia: "https://en.wikipedia.org/wiki/John_Elliot_(author)"
J-G-Ballard: 
  enciclopedia: "http://www.sf-encyclopedia.com/entry/ballard_j_g"
  isfd: "http://www.isfdb.org/cgi-bin/ea.cgi?259"
  wikipedia: "https://en.wikipedia.org/wiki/J._G._Ballard"
J-H-Rosny-Aîne: 
  enciclopedia: "http://www.sf-encyclopedia.com/entry/rosny_jeune_j-h"
  isfd: "http://www.isfdb.org/cgi-bin/ea.cgi?3359"
  wikipedia: "https://en.wikipedia.org/wiki/J.-H._Rosny_a%C3%AEn%C3%A9"
J-Leslie-Mitchell: 
  enciclopedia: "http://www.sf-encyclopedia.com/entry/mitchell_j_leslie"
  isfd: "http://www.isfdb.org/cgi-bin/ea.cgi?23209"
  wikipedia: "https://en.wikipedia.org/wiki/Lewis_Grassic_Gibbon"
Jack-Vance: 
  enciclopedia: "http://www.sf-encyclopedia.com/entry/vance_jack"
  isfd: "http://www.isfdb.org/cgi-bin/ea.cgi?136"
  wikipedia: "https://en.wikipedia.org/wiki/Jack_Vance"
Jack-Williamson: 
  enciclopedia: "http://www.sf-encyclopedia.com/entry/williamson_jack"
  isfd: "http://www.isfdb.org/cgi-bin/ea.cgi?256"
  wikipedia: "https://en.wikipedia.org/wiki/Jack_Williamson"
James-Blish: 
  enciclopedia: "http://www.sf-encyclopedia.com/entry/blish_james"
  isfd: "http://www.isfdb.org/cgi-bin/ea.cgi?7"
  wikipedia: "https://en.wikipedia.org/wiki/James_Blish"
James-P-Hogan: 
  enciclopedia: "http://www.sf-encyclopedia.com/entry/hogan_james_p"
  isfd: "http://www.isfdb.org/cgi-bin/ea.cgi?292"
  wikipedia: "https://en.wikipedia.org/wiki/James_P._Hogan_(writer)"
James-White: 
  enciclopedia: "http://www.sf-encyclopedia.com/entry/white_james"
  isfd: "http://www.isfdb.org/cgi-bin/ea.cgi?304"
  wikipedia: "https://en.wikipedia.org/wiki/James_White_(author)"
Jean-Cremieux: 
  enciclopedia: ""
  isfd: "http://www.isfdb.org/cgi-bin/ea.cgi?127430"
  wikipedia: ""
Jean-Gaston-Vandel: 
  enciclopedia: "http://www.sf-encyclopedia.com/entry/vandel_jean-gaston"
  isfd: "http://www.isfdb.org/cgi-bin/ea.cgi?127424"
  wikipedia: "https://fr.wikipedia.org/wiki/Jean-Gaston_Vandel"
Jean-Hougron: 
  enciclopedia: "http://www.sf-encyclopedia.com/entry/hougron_jean"
  isfd: "http://www.isfdb.org/cgi-bin/ea.cgi?127671"
  wikipedia: "https://en.wikipedia.org/wiki/Jean_Hougron"
Jerome-Seriel: 
  enciclopedia: "http://www.sf-encyclopedia.com/entry/vallee_jacques"
  isfd: "http://www.isfdb.org/cgi-bin/ea.cgi?3133"
  wikipedia: "https://en.wikipedia.org/wiki/Jacques_Vall%C3%A9e"
Jerry-Sohl: 
  enciclopedia: "http://www.sf-encyclopedia.com/entry/sohl_jerry"
  isfd: "http://www.isfdb.org/cgi-bin/ea.cgi?369"
  wikipedia: "https://en.wikipedia.org/wiki/Jerry_Sohl"
Jimmy-Guieu: 
  enciclopedia: "http://www.sf-encyclopedia.com/entry/guieu_jimmy"
  isfd: "http://www.isfdb.org/cgi-bin/ea.cgi?863"
  wikipedia: "https://en.wikipedia.org/wiki/Henri_Ren%C3%A9_Guieu"
John-Barnes: 
  enciclopedia: "http://www.sf-encyclopedia.com/entry/barnes_john"
  isfd: "http://www.isfdb.org/cgi-bin/ea.cgi?76"
  wikipedia: "https://en.wikipedia.org/wiki/John_Barnes"
John-Brunner: 
  enciclopedia: "http://www.sf-encyclopedia.com/entry/brunner_john"
  isfd: "http://www.isfdb.org/cgi-bin/ea.cgi?11"
  wikipedia: "http://en.wikipedia.org/wiki/John_Brunner_%28novelist%29"
John-D-MacDonald: 
  enciclopedia: "http://sf-encyclopedia.com/entry/macdonald_john_d"
  isfd: "http://www.isfdb.org/cgi-bin/ea.cgi?660"
  wikipedia: "http://en.wikipedia.org/wiki/John_D._MacDonald"
John-E-Stith: 
  enciclopedia: "http://www.sf-encyclopedia.com/entry/stith_john_e"
  isfd: "http://www.isfdb.org/cgi-bin/ea.cgi?430"
  wikipedia: "http://en.wikipedia.org/wiki/John_E._Stith"
John-Rackam: 
  enciclopedia: "http://sf-encyclopedia.com/entry/phillifent_john_t"
  isfd: "http://www.isfdb.org/cgi-bin/ea.cgi?1164"
  wikipedia: "http://en.wikipedia.org/wiki/John_T._Phillifent"
John-Sladek: 
  enciclopedia: "http://sf-encyclopedia.com/entry/sladek_john_t"
  isfd: "http://www.isfdb.org/cgi-bin/ea.cgi?1036"
  wikipedia: "http://en.wikipedia.org/wiki/John_Thomas_Sladek"
John-Wyndham: 
  enciclopedia: "http://sf-encyclopedia.com/entry/wyndham_john"
  isfd: "http://www.isfdb.org/cgi-bin/ea.cgi?310"
  wikipedia: "http://en.wikipedia.org/wiki/John_Wyndham"
Jon-J-Deegan: 
  enciclopedia: "http://www.sf-encyclopedia.com/entry/sharp_robert_george"
  isfd: "http://www.isfdb.org/cgi-bin/ea.cgi?1992"
  wikipedia: ""
Karel-Capek: 
  enciclopedia: "http://sf-encyclopedia.com/entry/capek_karel"
  isfd: "http://www.isfdb.org/cgi-bin/ea.cgi?161"
  wikipedia: "http://en.wikipedia.org/wiki/Karel_%C4%8Capek"
Keith-Laumer: 
  enciclopedia: "http://sf-encyclopedia.com/entry/laumer_keith"
  isfd: "http://www.isfdb.org/cgi-bin/ea.cgi?211"
  wikipedia: "http://en.wikipedia.org/wiki/Keith_Laumer"
Keith-Roberts: 
  enciclopedia: "http://www.sf-encyclopedia.com/entry/roberts_keith"
  isfd: "http://www.isfdb.org/cgi-bin/ea.cgi?1037"
  wikipedia: "http://en.wikipedia.org/wiki/Keith_Roberts"
Kurt-Steiner: 
  enciclopedia: "http://www.sf-encyclopedia.com/entry/ruellan_andre"
  isfd: "http://www.isfdb.org/cgi-bin/ea.cgi?572"
  wikipedia: "http://en.wikipedia.org/wiki/Andr%C3%A9_Ruellan"
Kurt-Vonnegut: 
  enciclopedia: "http://sf-encyclopedia.com/entry/vonnegut_kurt_jr"
  isfd: "http://www.isfdb.org/cgi-bin/ea.cgi?62"
  wikipedia: "http://en.wikipedia.org/wiki/Kurt_Vonnegut"
L-Sprague-de-Camp: 
  enciclopedia: "http://sf-encyclopedia.com/Entry/de_camp_l_sprague"
  isfd: "http://www.isfdb.org/cgi-bin/ea.cgi?18"
  wikipedia: "http://en.wikipedia.org/wiki/L._Sprague_de_Camp"
Lan-Wright: 
  enciclopedia: "http://www.sf-encyclopedia.com/entry/wright_lan"
  isfd: "http://www.isfdb.org/cgi-bin/ea.cgi?1267"
  wikipedia: "http://en.wikipedia.org/wiki/Lan_Wright"
Larry-Niven: 
  enciclopedia: "http://www.sf-encyclopedia.com/entry/niven_larry"
  isfd: "http://www.isfdb.org/cgi-bin/ea.cgi?42"
  wikipedia: "http://en.wikipedia.org/wiki/Larry_Niven"
Leigh-Brackett: 
  enciclopedia: "http://sf-encyclopedia.com/entry/brackett_leigh"
  isfd: "http://www.isfdb.org/cgi-bin/ea.cgi?334"
  wikipedia: "http://en.wikipedia.org/wiki/Leigh_Brackett"
Leonid-Onochko: 
  enciclopedia: ""
  isfd: "http://www.isfdb.org/cgi-bin/ea.cgi?238033"
  wikipedia: ""
Lester-del-Rey: 
  enciclopedia: "http://www.sf-encyclopedia.com/Entry/del_rey_lester"
  isfd: "http://www.isfdb.org/cgi-bin/ea.cgi?21"
  wikipedia: "http://en.wikipedia.org/wiki/Lester_del_Rey"
Lima-de-Freitas-(org): 
  enciclopedia: ""
  isfd: "http://www.isfdb.org/cgi-bin/ea.cgi?168402"
  wikipedia: "https://pt.wikipedia.org/wiki/Lima_de_Freitas"
Lloyd-Biggle-Jr: 
  enciclopedia: "http://sf-encyclopedia.com/entry/biggle_lloyd_jr"
  isfd: "http://www.isfdb.org/cgi-bin/ea.cgi?328"
  wikipedia: "http://en.wikipedia.org/wiki/Lloyd_Biggle%2C_Jr."
Marcia-Guimaraes: 
  enciclopedia: ""
  isfd: "http://www.isfdb.org/cgi-bin/ea.cgi?168399"
  wikipedia: "https://pt.wikipedia.org/wiki/M%C3%A1rcia_Guimar%C3%A3es"
Marion-Zimmer-Bradley: 
  enciclopedia: "http://www.sf-encyclopedia.com/entry/bradley_marion_zimmer"
  isfd: "http://www.isfdb.org/cgi-bin/ea.cgi?185"
  wikipedia: "http://en.wikipedia.org/wiki/Marion_Zimmer_Bradley"
Martin-Caidin: 
  enciclopedia: "http://sf-encyclopedia.com/entry/caidin_martin"
  isfd: "http://www.isfdb.org/cgi-bin/ea.cgi?342"
  wikipedia: "http://en.wikipedia.org/wiki/Martin_Caidin"
Maureen-F-McHugh: 
  enciclopedia: "http://sf-encyclopedia.com/entry/mchugh_maureen_f"
  isfd: "http://www.isfdb.org/cgi-bin/ea.cgi?422"
  wikipedia: "http://en.wikipedia.org/wiki/Maureen_F._McHugh"
Maurice-Vernon: 
  enciclopedia: ""
  isfd: "http://www.isfdb.org/cgi-bin/ea.cgi?127440"
  wikipedia: ""
Michael-Kurland: 
  enciclopedia: "http://sf-encyclopedia.com/entry/kurland_michael"
  isfd: "http://www.isfdb.org/cgi-bin/ea.cgi?1491"
  wikipedia: "http://en.wikipedia.org/wiki/Michael_Kurland"
Mordecai-Roshwald: 
  enciclopedia: "http://www.sf-encyclopedia.com/entry/roshwald_mordecai"
  isfd: "http://www.isfdb.org/cgi-bin/ea.cgi?4833"
  wikipedia: "http://en.wikipedia.org/wiki/Mordecai_Roshwald"
Murray-Leinster: 
  enciclopedia: "http://www.sf-encyclopedia.com/entry/leinster_murray"
  isfd: "http://www.isfdb.org/cgi-bin/ea.cgi?257"
  wikipedia: "http://en.wikipedia.org/wiki/Murray_Leinster"
P-A-Hourey: 
  enciclopedia: ""
  isfd: "http://www.isfdb.org/cgi-bin/ea.cgi?168397"
  wikipedia: ""
Pat-Cadigan: 
  enciclopedia: "http://www.sf-encyclopedia.com/entry/cadigan_pat"
  isfd: "http://www.isfdb.org/cgi-bin/ea.cgi?96"
  wikipedia: "http://en.wikipedia.org/wiki/Pat_Cadigan"
Paul-Cook: 
  enciclopedia: "http://sf-encyclopedia.com/entry/cook_paul"
  isfd: "http://www.isfdb.org/cgi-bin/ea.cgi?3017"
  wikipedia: "http://en.wikipedia.org/wiki/Paul_Cook_(author)"
Paul-French: 
  enciclopedia: "http://www.sf-encyclopedia.com/entry/french_paul"
  isfd: "http://www.isfdb.org/cgi-bin/ea.cgi?3358"
  wikipedia: "https://en.wikipedia.org/wiki/Isaac_Asimov"
Paul-W-Fairman: 
  enciclopedia: "http://www.sf-encyclopedia.com/entry/fairman_paul_w"
  isfd: "http://www.isfdb.org/cgi-bin/ea.cgi?1282"
  wikipedia: "http://en.wikipedia.org/wiki/Paul_W._Fairman"
Philip-E-High: 
  enciclopedia: "http://www.sf-encyclopedia.com/entry/high_philip_e"
  isfd: "http://www.isfdb.org/cgi-bin/ea.cgi?1210"
  wikipedia: "http://en.wikipedia.org/wiki/Philip_E._High"
Philip-Jose-Farmer: 
  enciclopedia: "http://sf-encyclopedia.com/entry/farmer_philip_jose"
  isfd: "http://www.isfdb.org/cgi-bin/ea.cgi?26"
  wikipedia: "https://en.wikipedia.org/wiki/Philip_Jos%C3%A9_Farmer"
Philip-K-Dick: 
  enciclopedia: "http://sf-encyclopedia.com/entry/dick_philip_k"
  isfd: "http://www.isfdb.org/cgi-bin/ea.cgi?23"
  wikipedia: "http://en.wikipedia.org/wiki/Philip_K._Dick"
Pierre-Barbet: 
  enciclopedia: "http://www.sf-encyclopedia.com/entry/barbet_pierre"
  isfd: "http://www.isfdb.org/cgi-bin/ea.cgi?319"
  wikipedia: "https://fr.wikipedia.org/wiki/Pierre_Barbet_(%C3%A9crivain)"
Pierre-Versins: 
  enciclopedia: "http://sf-encyclopedia.com/entry/versins_pierre"
  isfd: "http://www.isfdb.org/cgi-bin/ea.cgi?90341"
  wikipedia: "https://fr.wikipedia.org/wiki/Pierre_Versins"
Poul-Anderson: 
  enciclopedia: "http://sf-encyclopedia.com/entry/anderson_poul"
  isfd: "http://www.isfdb.org/cgi-bin/ea.cgi?3"
  wikipedia: "http://en.wikipedia.org/wiki/Poul_Anderson"
Randall-Garrett: 
  enciclopedia: "http://sf-encyclopedia.com/entry/garrett_randall"
  isfd: "http://www.isfdb.org/cgi-bin/ea.cgi?239"
  wikipedia: "http://en.wikipedia.org/wiki/Randall_Garrett"
Ray-Bradbury: 
  enciclopedia: "http://www.sf-encyclopedia.com/entry/bradbury_ray"
  isfd: "http://www.isfdb.org/cgi-bin/ea.cgi?194"
  wikipedia: "https://en.wikipedia.org/wiki/Ray_Bradbury"
Ray-Cummings: 
  enciclopedia: "http://sf-encyclopedia.com/entry/cummings_ray"
  isfd: "http://www.isfdb.org/cgi-bin/ea.cgi?554"
  wikipedia: "http://en.wikipedia.org/wiki/Ray_Cummings"
Richard-Kadrey: 
  enciclopedia: "http://www.sf-encyclopedia.com/entry/kadrey_richard"
  isfd: "http://www.isfdb.org/cgi-bin/ea.cgi?2990"
  wikipedia: "https://en.wikipedia.org/wiki/Richard_Kadrey"
Richard-Matheson: 
  enciclopedia: "http://www.sf-encyclopedia.com/entry/matheson_richard"
  isfd: "http://www.isfdb.org/cgi-bin/ea.cgi?1423"
  wikipedia: "https://en.wikipedia.org/wiki/Richard_Matheson"
Robert-A-Heinlein: 
  enciclopedia: "http://www.sf-encyclopedia.com/entry/heinlein_robert_a"
  isfd: "http://www.isfdb.org/cgi-bin/ea.cgi?29"
  wikipedia: "https://en.wikipedia.org/wiki/Robert_A._Heinlein"
Robert-Asprin: 
  enciclopedia: "http://www.sf-encyclopedia.com/entry/asprin_robert_lynn"
  isfd: "http://www.isfdb.org/cgi-bin/ea.cgi?2"
  wikipedia: "https://en.wikipedia.org/wiki/Robert_Asprin"
Robert-Lowndes: 
  enciclopedia: "http://www.sf-encyclopedia.com/entry/lowndes_robert_a_w"
  isfd: "http://www.isfdb.org/cgi-bin/ea.cgi?1360"
  wikipedia: "https://en.wikipedia.org/wiki/Robert_A._W._Lowndes"
Robert-M-Williams: 
  enciclopedia: "http://www.sf-encyclopedia.com/entry/williams_robert_moore"
  isfd: "http://www.isfdb.org/cgi-bin/ea.cgi?1151"
  wikipedia: "https://en.wikipedia.org/wiki/Robert_Moore_Williams"
Robert-Sheckley: 
  enciclopedia: "http://www.sf-encyclopedia.com/entry/sheckley_robert" 
  isfd: "http://www.isfdb.org/cgi-bin/ea.cgi?818"
  wikipedia: "https://en.wikipedia.org/wiki/Robert_Sheckley"
Robert-Silverberg: 
  enciclopedia: "http://www.sf-encyclopedia.com/entry/silverberg_robert"
  isfd: "http://www.isfdb.org/cgi-bin/ea.cgi?54"
  wikipedia: "https://en.wikipedia.org/wiki/Robert_Silverberg"
Roger-Sorez: 
  enciclopedia: ""
  isfd: "http://www.isfdb.org/cgi-bin/ea.cgi?127436"
  wikipedia: ""
Roger-Zelazny: 
  enciclopedia: "http://www.sf-encyclopedia.com/entry/zelazny_roger"
  isfd: "http://www.isfdb.org/cgi-bin/ea.cgi?Roger_Zelazny"
  wikipedia: "https://en.wikipedia.org/wiki/Roger_Zelazny"
Rosel-George-Brown: 
  enciclopedia: "http://www.sf-encyclopedia.com/entry/brown_rosel_george"
  isfd: "http://www.isfdb.org/cgi-bin/ea.cgi?1269"
  wikipedia: "https://en.wikipedia.org/wiki/Rosel_George_Brown"
Roy-Sheldon: 
  enciclopedia: "http://www.sf-encyclopedia.com/entry/sheldon_roy"
  isfd: "http://www.isfdb.org/cgi-bin/ea.cgi?1991"
  wikipedia: ""
S-N-Lewitt: 
  enciclopedia: "http://www.sf-encyclopedia.com/entry/lewitt_s_n"
  isfd: "http://www.isfdb.org/cgi-bin/ea.cgi?1639"
  wikipedia: "https://en.wikipedia.org/wiki/Shariann_Lewitt"
Shawna-McCarthy-(org-real): 
  enciclopedia: "http://www.sf-encyclopedia.com/entry/mccarthy_shawna"
  isfd: "http://www.isfdb.org/cgi-bin/ea.cgi?1676"
  wikipedia: "https://en.wikipedia.org/wiki/Shawna_McCarthy"
Stanislaw-Lem: 
  enciclopedia: "http://www.sf-encyclopedia.com/entry/lem_stanislaw"
  isfd: "http://www.isfdb.org/cgi-bin/ea.cgi?166136"
  wikipedia: "https://en.wikipedia.org/wiki/Stanis%C5%82aw_Lem"
Stefan-Wul: 
  enciclopedia: "http://www.sf-encyclopedia.com/entry/wul_stefan"
  isfd: "http://www.isfdb.org/cgi-bin/ea.cgi?574"
  wikipedia: "https://en.wikipedia.org/wiki/Stefan_Wul"
Stuart-J-Byrne: 
  enciclopedia: "http://www.sf-encyclopedia.com/entry/byrne_stuart_j"
  isfd: "http://www.isfdb.org/cgi-bin/ea.cgi?17734"
  wikipedia: "https://en.wikipedia.org/wiki/Stuart_J._Byrne"
Theodore-Sturgeon: 
  enciclopedia: "http://www.sf-encyclopedia.com/entry/sturgeon_theodore"
  isfd: "http://www.isfdb.org/cgi-bin/ea.cgi?56"
  wikipedia: "https://en.wikipedia.org/wiki/Theodore_Sturgeon"
Tricia-Sullivan: 
  enciclopedia: "http://www.sf-encyclopedia.com/entry/sullivan_tricia"
  isfd: "http://www.isfdb.org/cgi-bin/ea.cgi?2927"
  wikipedia: "https://en.wikipedia.org/wiki/Tricia_Sullivan"
Ursula-K-LeGuin: 
  enciclopedia: "http://www.sf-encyclopedia.com/entry/le_guin_ursula_k"
  isfd: "http://www.isfdb.org/cgi-bin/ea.cgi?37"
  wikipedia: "https://en.wikipedia.org/wiki/Ursula_K._Le_Guin"
Walter-M-Miller-Jr: 
  enciclopedia: "http://www.sf-encyclopedia.com/entry/miller_walter_m"
  isfd: "http://www.isfdb.org/cgi-bin/ea.cgi?41"
  wikipedia: "https://en.wikipedia.org/wiki/Walter_M._Miller_Jr."
William-Rollo: 
  enciclopedia: "http://www.sf-encyclopedia.com/entry/rollo_william"
  isfd: "http://www.isfdb.org/cgi-bin/ea.cgi?4841"
  wikipedia: "https://en.wikipedia.org/wiki/William_Rollo"
Yves-Dermeze: 
  enciclopedia: ""
  isfd: "http://www.isfdb.org/cgi-bin/ea.cgi?127284"
  wikipedia: "https://fr.wikipedia.org/wiki/Paul_B%C3%A9rato"
varios: 
  enciclopedia: ""
  isfd: ""
  wikipedia: ""
